Alpha,NASA SC(2)-0412 T1_Re33.677_M0.22_N9.0, , Alpha,NPL 9510 T1_Re33.677_M0.22_N9.0, , Alpha,RAE 2822 T1_Re33.677_M0.22_N9.0, , Alpha,RAE(NPL) 5212 T1_Re33.677_M0.22_N9.0, , 
          -10,    -0.9790069, ,           -10,    -0.9728599, ,           -10,    -0.9289385, ,           -10,    -0.8468911, , 
         -9.9,    -0.9663475, ,          -9.9,    -0.9604713, ,          -9.9,    -0.9174845, ,          -9.9,    -0.8352862, , 
         -9.8,    -0.9536981, ,          -9.8,    -0.9480717, ,          -9.8,    -0.9060077, ,          -9.8,    -0.8236956, , 
         -9.7,    -0.9411587, ,          -9.7,    -0.9356563, ,          -9.7,    -0.8945499, ,          -9.7,    -0.8121085, , 
         -9.6,    -0.9285345, ,          -9.6,    -0.9232314, ,          -9.6,    -0.8830644, ,          -9.5,    -0.7890492, , 
         -9.5,     -0.915805, ,          -9.5,    -0.9108002, ,          -9.5,    -0.8716041, ,          -9.4,    -0.7777214, , 
         -9.4,    -0.9031521, ,          -9.4,    -0.8983544, ,          -9.4,     -0.860361, ,          -9.3,    -0.7666377, , 
         -9.3,    -0.8905691, ,          -9.3,    -0.8858766, ,          -9.3,    -0.8491614, ,          -9.2,    -0.7555043, , 
         -9.2,    -0.8778759, ,          -9.2,    -0.8734004, ,          -9.2,    -0.8379876, ,            -9,    -0.7328285, , 
         -9.1,     -0.865121, ,          -9.1,    -0.8609276, ,            -9,    -0.8153347, ,          -8.9,    -0.7213231, , 
         -8.9,    -0.8396463, ,            -9,    -0.8484583, ,          -8.9,    -0.8038553, ,          -8.8,     -0.709774, , 
         -8.8,    -0.8269852, ,          -8.9,    -0.8359926, ,          -8.8,    -0.7923032, ,          -8.7,    -0.6981956, , 
         -8.7,    -0.8143081, ,          -8.8,    -0.8235196, ,          -8.7,    -0.7807235, ,          -8.6,    -0.6865065, , 
         -8.6,    -0.8015604, ,          -8.7,    -0.8110478, ,          -8.6,    -0.7690606, ,          -8.5,    -0.6748008, , 
         -8.5,    -0.7887544, ,          -8.6,    -0.7985826, ,          -8.5,    -0.7573685, ,          -8.4,    -0.6631033, , 
         -8.4,    -0.7759825, ,          -8.5,    -0.7861278, ,          -8.4,    -0.7457005, ,          -8.3,    -0.6515354, , 
         -8.3,    -0.7632632, ,          -8.4,    -0.7736887, ,          -8.3,    -0.7340721, ,          -8.2,    -0.6401934, , 
         -8.2,    -0.7505666, ,          -8.3,    -0.7612632, ,          -8.2,    -0.7225072, ,          -8.1,    -0.6290296, , 
         -8.1,    -0.7378857, ,          -8.2,    -0.7488551, ,          -8.1,    -0.7110817, ,            -8,    -0.6177685, , 
         -7.9,    -0.7123583, ,          -8.1,    -0.7364645, ,            -8,    -0.6997564, ,          -7.9,    -0.6063242, , 
         -7.8,    -0.6996079, ,            -8,    -0.7240807, ,          -7.9,    -0.6883548, ,          -7.8,    -0.5947519, , 
         -7.6,    -0.6742756, ,          -7.9,    -0.7116785, ,          -7.8,    -0.6768691, ,          -7.6,    -0.5714091, , 
         -7.5,    -0.6615355, ,          -7.8,    -0.6992495, ,          -7.7,     -0.665278, ,          -7.5,    -0.5596693, , 
         -7.4,     -0.648792, ,          -7.7,    -0.6868205, ,          -7.6,    -0.6536296, ,          -7.4,    -0.5479299, , 
         -7.3,    -0.6360517, ,          -7.6,    -0.6743889, ,          -7.5,    -0.6419171, ,          -7.3,    -0.5362355, , 
         -7.2,    -0.6234622, ,          -7.5,    -0.6619194, ,          -7.3,    -0.6183738, ,          -7.2,     -0.524707, , 
         -7.1,    -0.6107825, ,          -7.4,    -0.6494557, ,          -7.1,      -0.59498, ,          -7.1,    -0.5133592, , 
           -7,    -0.5980674, ,          -7.3,    -0.6369844, ,          -6.9,    -0.5721715, ,            -7,    -0.5020061, , 
         -6.9,    -0.5854134, ,          -7.2,    -0.6245287, ,          -6.7,    -0.5491336, ,          -6.9,    -0.4905119, , 
         -6.8,    -0.5727537, ,          -7.1,     -0.612072, ,          -6.6,    -0.5374384, ,          -6.8,    -0.4788894, , 
         -6.7,    -0.5600187, ,            -7,    -0.5996492, ,          -6.5,    -0.5256374, ,          -6.7,    -0.4671983, , 
         -6.6,    -0.5472516, ,          -6.9,    -0.5872617, ,          -6.4,    -0.5138468, ,          -6.6,     -0.455492, , 
         -6.5,     -0.534586, ,          -6.8,    -0.5748839, ,          -6.3,    -0.5021468, ,          -6.5,    -0.4437335, , 
         -6.4,    -0.5219688, ,          -6.7,    -0.5624878, ,          -6.2,     -0.490712, ,          -6.4,    -0.4319143, , 
         -6.3,    -0.5092487, ,          -6.6,    -0.5500835, ,          -6.1,    -0.4793826, ,          -6.3,    -0.4200876, , 
         -6.2,    -0.4965223, ,          -6.5,    -0.5376474, ,            -6,    -0.4678807, ,          -6.2,    -0.4083146, , 
         -6.1,    -0.4837953, ,          -6.4,    -0.5252311, ,          -5.9,    -0.4562194, ,          -6.1,    -0.3966257, , 
           -6,    -0.4710347, ,          -6.3,    -0.5127803, ,          -5.8,    -0.4444074, ,            -6,    -0.3851611, , 
         -5.8,    -0.4457481, ,          -6.2,    -0.5003329, ,          -5.7,    -0.4325862, ,          -5.9,     -0.373895, , 
         -5.7,    -0.4330791, ,          -6.1,     -0.487871, ,          -5.6,    -0.4208623, ,          -5.8,    -0.3625444, , 
         -5.6,    -0.4205271, ,            -6,    -0.4754384, ,          -5.5,    -0.4093587, ,          -5.7,    -0.3509911, , 
         -5.5,    -0.4079511, ,          -5.9,    -0.4630255, ,          -5.4,    -0.3979698, ,          -5.6,    -0.3393392, , 
         -5.3,    -0.3829595, ,          -5.8,    -0.4508741, ,          -5.3,    -0.3864233, ,          -5.5,    -0.3275389, , 
         -5.2,      -0.37047, ,          -5.7,    -0.4385694, ,          -5.2,    -0.3747429, ,          -5.4,    -0.3157319, , 
           -5,    -0.3452062, ,          -5.6,    -0.4261955, ,          -5.1,    -0.3629324, ,          -5.3,    -0.3040974, , 
         -4.9,    -0.3326073, ,          -5.5,    -0.4141201, ,            -5,    -0.3510832, ,          -5.2,    -0.2931656, , 
         -4.8,    -0.3199258, ,          -5.4,    -0.4017312, ,          -4.9,    -0.3392885, ,          -5.1,    -0.2820629, , 
         -4.7,    -0.3072675, ,          -5.3,    -0.3896727, ,          -4.8,    -0.3277159, ,            -5,     -0.270387, , 
         -4.6,    -0.2945724, ,          -5.2,    -0.3774057, ,          -4.7,    -0.3163624, ,          -4.8,    -0.2478359, , 
         -4.5,    -0.2820607, ,          -5.1,     -0.365213, ,          -4.6,     -0.304841, ,          -4.6,    -0.2247548, , 
         -4.3,    -0.2569241, ,            -5,    -0.3530157, ,          -4.5,    -0.2931457, ,          -4.5,    -0.2130291, , 
         -4.1,    -0.2318551, ,          -4.8,    -0.3285368, ,          -4.4,    -0.2813221, ,          -4.4,    -0.2013628, , 
           -4,     -0.219251, ,          -4.7,    -0.3162888, ,          -4.3,    -0.2694939, ,          -4.3,    -0.1902191, , 
         -3.9,     -0.206781, ,          -4.6,    -0.3040231, ,          -4.2,    -0.2577929, ,          -4.2,    -0.1787958, , 
         -3.8,    -0.1941496, ,          -4.5,    -0.2919832, ,          -4.1,    -0.2463648, ,          -4.1,    -0.1671524, , 
         -3.7,    -0.1815467, ,          -4.4,    -0.2798484, ,            -4,    -0.2349836, ,          -3.9,    -0.1451306, , 
         -3.6,     -0.168989, ,          -4.3,    -0.2675654, ,          -3.9,    -0.2233471, ,          -3.8,    -0.1341506, , 
         -3.5,    -0.1564346, ,          -4.1,    -0.2430205, ,          -3.8,     -0.211556, ,          -3.7,    -0.1233382, , 
         -3.4,    -0.1438162, ,            -4,    -0.2306643, ,          -3.7,    -0.1997648, ,          -3.6,    -0.1127064, , 
         -3.3,    -0.1313377, ,          -3.9,     -0.218652, ,          -3.6,    -0.1882102, ,          -3.4,   -0.09069829, , 
         -3.2,    -0.1187499, ,          -3.8,    -0.2064421, ,          -3.5,    -0.1770397, ,          -3.3,   -0.07934039, , 
         -3.1,    -0.1061676, ,          -3.6,    -0.1825397, ,          -3.4,    -0.1654636, ,          -3.2,   -0.06838028, , 
           -3,   -0.09374051, ,          -3.5,     -0.170457, ,          -3.3,    -0.1536614, ,          -3.1,   -0.05730402, , 
         -2.9,   -0.08125028, ,          -3.4,    -0.1583031, ,          -3.2,    -0.1421094, ,            -3,   -0.04621598, , 
         -2.8,   -0.06868287, ,          -3.3,    -0.1461649, ,          -3.1,    -0.1309845, ,          -2.9,   -0.03516355, , 
         -2.7,   -0.05611483, ,          -3.2,    -0.1339786, ,            -3,    -0.1194418, ,          -2.7,   -0.01233544, , 
         -2.5,   -0.03112318, ,          -3.1,     -0.121598, ,          -2.8,   -0.09656522, ,          -2.6,  -0.001101464, , 
         -2.4,   -0.01869675, ,            -3,    -0.1093022, ,          -2.7,   -0.08515397, ,          -2.5,    0.01044529, , 
         -2.3,  -0.006023957, ,          -2.9,   -0.09718956, ,          -2.5,   -0.06248464, ,          -2.4,    0.02208158, , 
         -2.2,   0.006643648, ,          -2.8,    -0.0848376, ,          -2.4,   -0.05101275, ,          -2.3,    0.03332052, , 
         -2.1,    0.01919778, ,          -2.6,   -0.06025968, ,          -2.3,    -0.0397618, ,          -2.2,    0.04440137, , 
           -2,    0.03187209, ,          -2.5,   -0.04788714, ,          -2.2,   -0.02852234, ,          -2.1,    0.05590834, , 
         -1.9,    0.04427876, ,          -2.4,   -0.03550372, ,          -2.1,   -0.01711567, ,            -2,    0.06711529, , 
         -1.8,    0.05679171, ,          -2.3,   -0.02330796, ,            -2,  -0.006049853, ,          -1.9,    0.07827445, , 
         -1.7,    0.06935154, ,          -2.2,   -0.01090588, ,          -1.8,     0.0164372, ,          -1.8,      0.089845, , 
         -1.6,    0.08192338, ,          -2.1,   0.001456887, ,          -1.6,    0.03909515, ,          -1.7,     0.1014687, , 
         -1.5,    0.09441681, ,            -2,    0.01367074, ,          -1.5,    0.05050485, ,          -1.6,     0.1126837, , 
         -1.4,     0.1069476, ,          -1.9,    0.02601676, ,          -1.4,     0.0618262, ,          -1.5,      0.123837, , 
         -1.3,       0.11956, ,          -1.8,    0.03836464, ,          -1.3,    0.07295222, ,          -1.4,     0.1354136, , 
         -1.2,     0.1321258, ,          -1.7,    0.05059607, ,          -1.2,    0.08460834, ,          -1.2,     0.1582156, , 
         -1.1,     0.1446885, ,          -1.6,    0.06300157, ,          -1.1,    0.09543719, ,          -1.1,     0.1694107, , 
         -0.9,     0.1700427, ,          -1.5,    0.07536755, ,          -0.9,     0.1179596, ,            -1,     0.1809381, , 
         -0.8,     0.1829915, ,          -1.4,    0.08759587, ,          -0.7,     0.1403774, ,          -0.9,     0.1924011, , 
         -0.7,     0.1955753, ,          -1.3,    0.09994256, ,          -0.5,     0.1628297, ,          -0.8,     0.2034174, , 
         -0.6,     0.2084826, ,          -1.1,     0.1246326, ,          -0.4,     0.1743927, ,          -0.7,     0.2146874, , 
         -0.5,     0.2209023, ,            -1,      0.137084, ,          -0.3,     0.1855131, ,          -0.6,     0.2262062, , 
         -0.4,     0.2333419, ,          -0.9,      0.149426, ,          -0.2,     0.1970045, ,          -0.5,     0.2371697, , 
         -0.3,     0.2459595, ,          -0.8,     0.1616498, ,          -0.1,     0.2084921, ,          -0.4,     0.2486435, , 
         -0.2,     0.2587247, ,          -0.7,     0.1739736, ,             0,     0.2197008, ,          -0.3,     0.2602946, , 
         -0.1,     0.2712899, ,          -0.6,     0.1863265, ,           0.1,     0.2312114, ,          -0.2,     0.2716724, , 
            0,     0.2841424, ,          -0.5,     0.1985199, ,           0.2,     0.2425099, ,          -0.1,     0.2827121, , 
          0.1,      0.296501, ,          -0.4,     0.2106963, ,           0.3,     0.2539111, ,             0,     0.2937769, , 
          0.2,     0.3090618, ,          -0.3,     0.2228707, ,           0.4,     0.2656549, ,           0.2,     0.3164038, , 
          0.3,     0.3217144, ,          -0.2,      0.235062, ,           0.5,     0.2768556, ,           0.4,      0.338909, , 
          0.4,     0.3341525, ,          -0.1,     0.2473003, ,           0.6,     0.2883961, ,           0.5,     0.3504028, , 
          0.5,     0.3468652, ,             0,     0.2595768, ,           0.7,     0.2998841, ,           0.6,     0.3615055, , 
          0.6,     0.3593471, ,           0.1,     0.2718434, ,           0.8,     0.3113178, ,           0.7,     0.3727263, , 
          0.7,     0.3717284, ,           0.2,     0.2840063, ,             1,     0.3342454, ,           0.8,     0.3837147, , 
          0.8,     0.3845152, ,           0.3,     0.2961785, ,           1.1,     0.3458996, ,           0.9,     0.3947207, , 
          0.9,     0.3969223, ,           0.4,     0.3083355, ,           1.2,     0.3574201, ,             1,     0.4057506, , 
            1,     0.4098794, ,           0.5,     0.3205327, ,           1.3,     0.3689243, ,           1.1,     0.4168593, , 
          1.1,     0.4223584, ,           0.6,     0.3328475, ,           1.4,     0.3804611, ,           1.2,     0.4283839, , 
          1.2,     0.4352863, ,           0.7,     0.3451359, ,           1.5,     0.3918594, ,           1.3,      0.439755, , 
          1.3,     0.4481483, ,           0.8,     0.3573139, ,           1.6,     0.4034303, ,           1.4,     0.4510508, , 
          1.4,     0.4610224, ,           0.9,     0.3695124, ,           1.7,     0.4149819, ,           1.5,     0.4626222, , 
          1.5,     0.4742886, ,             1,     0.3818857, ,           1.8,     0.4266154, ,           1.6,     0.4742366, , 
          1.6,     0.4871809, ,           1.1,     0.3941276, ,           1.9,     0.4382017, ,           1.7,     0.4857688, , 
          1.7,     0.4996271, ,           1.2,     0.4062719, ,             2,     0.4498133, ,           1.8,     0.4972182, , 
          1.8,     0.5121184, ,           1.3,     0.4184435, ,           2.1,     0.4614318, ,           1.9,     0.5088158, , 
            2,     0.5371903, ,           1.4,     0.4307611, ,           2.2,     0.4730077, ,             2,     0.5204508, , 
          2.1,     0.5499689, ,           1.5,     0.4430489, ,           2.3,     0.4846522, ,           2.1,     0.5320748, , 
          2.2,      0.562818, ,           1.6,      0.455189, ,           2.4,     0.4962216, ,           2.2,     0.5436637, , 
          2.3,     0.5757414, ,           1.7,      0.467322, ,           2.5,     0.5078351, ,           2.3,      0.555197, , 
          2.4,     0.5883816, ,           1.8,     0.4795136, ,           2.6,     0.5194739, ,           2.4,     0.5666227, , 
          2.5,     0.6009788, ,           1.9,     0.4917787, ,           2.7,     0.5310821, ,           2.5,     0.5781054, , 
          2.6,     0.6132833, ,             2,     0.5040086, ,           2.8,     0.5427138, ,           2.6,     0.5897107, , 
          2.7,     0.6258905, ,           2.1,     0.5161424, ,           2.9,     0.5543701, ,           2.7,     0.6013589, , 
          2.8,     0.6384063, ,           2.2,     0.5282417, ,             3,     0.5659939, ,           2.8,     0.6128577, , 
          2.9,     0.6508884, ,           2.3,     0.5403283, ,           3.1,     0.5776301, ,           2.9,     0.6240408, , 
            3,     0.6634868, ,           2.4,     0.5524449, ,           3.2,     0.5892801, ,             3,     0.6355578, , 
          3.1,     0.6757415, ,           2.5,     0.5645863, ,           3.3,     0.6008991, ,           3.1,     0.6471598, , 
          3.2,     0.6879428, ,           2.6,     0.5767505, ,           3.4,     0.6125233, ,           3.2,     0.6587482, , 
          3.3,     0.7002095, ,           2.7,     0.5889402, ,           3.5,     0.6241608, ,           3.3,      0.670322, , 
          3.4,     0.7124895, ,           2.8,     0.6011047, ,           3.6,     0.6357696, ,           3.4,     0.6819003, , 
          3.5,     0.7247817, ,           2.9,     0.6132361, ,           3.7,     0.6473776, ,           3.5,     0.6934943, , 
          3.6,      0.737121, ,             3,     0.6253276, ,           3.8,     0.6590029, ,           3.6,     0.7050908, , 
          3.7,     0.7493855, ,           3.1,     0.6374005, ,           3.9,     0.6705982, ,           3.7,     0.7167177, , 
          3.8,     0.7616068, ,           3.2,     0.6494574, ,             4,     0.6821943, ,           3.8,     0.7283331, , 
          3.9,     0.7737676, ,           3.3,      0.661514, ,           4.1,     0.6937976, ,           3.9,     0.7399352, , 
            4,     0.7859443, ,           3.4,     0.6735845, ,           4.2,     0.7053711, ,             4,     0.7515224, , 
          4.1,     0.7981515, ,           3.5,     0.6856446, ,           4.3,     0.7169474, ,           4.1,     0.7630877, , 
          4.2,     0.8104242, ,           3.6,     0.6976915, ,           4.4,     0.7285281, ,           4.2,     0.7746196, , 
          4.3,     0.8227097, ,           3.7,     0.7097332, ,           4.5,     0.7400777, ,           4.3,     0.7861146, , 
          4.4,     0.8349457, ,           3.8,     0.7217967, ,           4.6,     0.7516487, ,           4.4,      0.797587, , 
          4.5,     0.8471195, ,           3.9,     0.7338655, ,           4.7,     0.7632012, ,           4.5,     0.8090598, , 
          4.6,     0.8592661, ,             4,     0.7459209, ,           4.8,     0.7747433, ,           4.6,      0.820538, , 
          4.7,     0.8713881, ,           4.1,     0.7579622, ,           4.9,      0.786294, ,           4.7,     0.8320469, , 
          4.8,     0.8835307, ,           4.2,     0.7700216, ,             5,      0.797812, ,           4.8,     0.8435609, , 
          4.9,     0.8956387, ,           4.3,     0.7821013, ,           5.1,     0.8093568, ,           4.9,     0.8550614, , 
            5,     0.9077559, ,           4.4,     0.7941802, ,           5.2,     0.8208571, ,             5,     0.8665448, , 
          5.1,     0.9198742, ,           4.5,     0.8062527, ,           5.3,     0.8323862, ,           5.1,      0.878007, , 
          5.2,      0.931957, ,           4.6,     0.8183262, ,           5.4,     0.8438722, ,           5.2,     0.8894251, , 
          5.3,     0.9440927, ,           4.7,     0.8304188, ,           5.5,     0.8553888, ,           5.3,     0.9008217, , 
          5.4,     0.9562403, ,           4.8,     0.8424816, ,           5.6,     0.8668649, ,           5.4,     0.9122376, , 
          5.5,     0.9683671, ,           4.9,     0.8545002, ,           5.7,     0.8783621, ,           5.5,     0.9236925, , 
          5.6,     0.9804968, ,             5,     0.8664911, ,           5.8,     0.8898363, ,           5.6,     0.9352057, , 
          5.7,     0.9926486, ,           5.1,     0.8785099, ,           5.9,     0.9013129, ,           5.7,     0.9466974, , 
          5.8,       1.00478, ,           5.2,     0.8905218, ,             6,     0.9127906, ,           5.8,     0.9581475, , 
          5.9,      1.016887, ,           5.3,     0.9025158, ,           6.1,      0.924226, ,           5.9,     0.9695237, , 
            6,      1.029023, ,           5.4,     0.9144906, ,           6.2,     0.9357033, ,             6,     0.9808366, , 
          6.1,      1.041152, ,           5.5,     0.9264628, ,           6.3,     0.9471297, ,           6.1,     0.9922158, , 
          6.2,      1.053249, ,           5.6,       0.93847, ,           6.4,     0.9585738, ,           6.2,      1.003668, , 
          6.3,       1.06532, ,           5.7,     0.9504642, ,           6.5,      0.970017, ,           6.3,      1.015075, , 
          6.4,      1.077429, ,           5.8,     0.9624425, ,           6.6,     0.9814094, ,           6.4,      1.026404, , 
          6.5,      1.089507, ,           5.9,     0.9744025, ,           6.7,     0.9928374, ,           6.5,      1.037639, , 
          6.6,      1.101543, ,             6,      0.986354, ,           6.8,      1.004247, ,           6.6,      1.048976, , 
          6.7,      1.113588, ,           6.1,     0.9983407, ,           6.9,      1.015607, ,           6.7,      1.060312, , 
          6.8,      1.125652, ,           6.2,       1.01034, ,             7,      1.027009, ,           6.8,      1.071526, , 
          6.9,      1.137687, ,           6.3,      1.022328, ,           7.1,      1.038398, ,           6.9,      1.082707, , 
            7,      1.149689, ,           6.4,        1.0343, ,           7.2,      1.049741, ,             7,      1.094039, , 
          7.1,      1.161692, ,           6.5,      1.046257, ,           7.3,      1.061083, ,           7.1,      1.105273, , 
          7.2,      1.173729, ,           6.6,      1.058207, ,           7.4,      1.072452, ,           7.2,      1.116388, , 
          7.3,      1.185743, ,           6.7,      1.070186, ,           7.5,      1.083774, ,           7.3,      1.127621, , 
          7.4,      1.197728, ,           6.8,      1.082201, ,           7.6,      1.095047, ,           7.4,      1.138863, , 
          7.5,      1.209688, ,           6.9,      1.094215, ,           7.7,      1.106393, ,           7.5,      1.149997, , 
          7.6,       1.22168, ,             7,      1.106227, ,           7.8,      1.117703, ,           7.6,      1.161076, , 
          7.7,      1.233682, ,           7.1,      1.118232, ,           7.9,      1.128964, ,           7.7,      1.172297, , 
          7.8,      1.245677, ,           7.2,      1.130223, ,             8,      1.140206, ,           7.8,      1.183497, , 
          7.9,      1.257649, ,           7.3,       1.14219, ,           8.1,      1.151502, ,           7.9,      1.194611, , 
            8,        1.2696, ,           7.4,      1.154134, ,           8.2,      1.162756, ,             8,      1.205642, , 
          8.1,       1.28156, ,           7.5,      1.166077, ,           8.3,      1.173956, ,           8.1,      1.216734, , 
          8.2,      1.293567, ,           7.6,       1.17804, ,           8.4,      1.185157, ,           8.2,      1.227906, , 
          8.3,      1.305558, ,           7.7,      1.189987, ,           8.5,      1.196403, ,           8.3,      1.239025, , 
          8.4,      1.317534, ,           7.8,      1.201921, ,           8.6,      1.207608, ,           8.4,      1.250079, , 
          8.5,      1.329496, ,           7.9,      1.213839, ,           8.7,      1.218763, ,           8.5,      1.261062, , 
          8.6,      1.341445, ,             8,       1.22574, ,           8.8,      1.229884, ,           8.6,      1.272007, , 
          8.7,      1.353391, ,           8.1,      1.237623, ,           8.9,      1.241085, ,           8.7,      1.283057, , 
          8.8,      1.365372, ,           8.2,      1.249489, ,             9,      1.252247, ,           8.8,      1.294118, , 
          8.9,      1.377359, ,           8.3,      1.261342, ,           9.1,      1.263361, ,           8.9,      1.305144, , 
            9,      1.389319, ,           8.4,      1.273184, ,           9.2,       1.27442, ,             9,      1.316091, , 
          9.1,      1.401248, ,           8.5,        1.2851, ,           9.3,      1.285489, ,           9.1,      1.326975, , 
          9.2,      1.413142, ,           8.6,      1.297011, ,           9.4,      1.296605, ,           9.2,      1.337987, , 
          9.3,      1.425004, ,           8.7,      1.308911, ,           9.5,      1.307677, ,           9.3,      1.348997, , 
          9.4,      1.436839, ,           8.8,      1.320799, ,           9.6,      1.318701, ,           9.4,      1.359886, , 
          9.5,      1.448656, ,           8.9,      1.332675, ,           9.7,      1.329673, ,           9.5,      1.370627, , 
          9.6,      1.460461, ,             9,      1.344537, ,           9.8,      1.340623, ,           9.6,      1.381533, , 
          9.7,      1.472318, ,           9.1,      1.356383, ,           9.9,       1.35166, ,           9.7,      1.392361, , 
          9.8,      1.484173, ,           9.2,      1.368212, ,            10,      1.362655, ,           9.8,      1.402944, , 
          9.9,       1.49601, ,           9.3,      1.380026, ,          10.1,      1.373607, ,           9.9,      1.413727, , 
           10,      1.507828, ,           9.4,      1.391827, ,          10.2,      1.384508, ,            10,      1.424217, , 
         10.1,      1.519625, ,           9.5,      1.403612, ,          10.3,      1.395357, ,          10.1,      1.434775, , 
         10.2,      1.531398, ,           9.6,      1.415382, ,          10.4,      1.406147, ,          10.2,      1.445023, , 
         10.3,      1.543144, ,           9.7,      1.427243, ,          10.5,      1.417055, ,          10.3,      1.455122, , 
         10.4,      1.554863, ,           9.8,      1.439102, ,          10.6,      1.427929, ,          10.4,       1.46508, , 
         10.5,      1.566557, ,           9.9,       1.45095, ,          10.7,      1.438756, ,          10.5,      1.474847, , 
         10.6,      1.578232, ,            10,      1.462788, ,          10.8,      1.449532, ,          10.6,      1.484332, , 
         10.7,      1.589891, ,          10.1,      1.474611, ,          10.9,      1.460251, ,          10.7,      1.493867, , 
         10.8,      1.601594, ,          10.2,      1.486418, ,            11,      1.470911, ,          10.8,      1.503416, , 
         10.9,      1.613322, ,          10.3,      1.498208, ,          11.1,      1.481506, ,          10.9,      1.513087, , 
           11,      1.625033, ,          10.4,      1.509982, ,          11.2,      1.492206, ,            11,      1.522928, , 
         11.1,      1.636725, ,          10.5,      1.521739, ,          11.3,      1.502898, ,          11.1,      1.532837, , 
         11.2,      1.648393, ,          10.6,      1.533481, ,          11.4,      1.513538, ,          11.2,       1.54268, , 
         11.3,      1.660038, ,          10.7,      1.545206, ,          11.5,      1.524124, ,          11.3,      1.552729, , 
         11.4,      1.671658, ,          10.8,      1.556914, ,          11.6,      1.534655, ,          11.4,      1.562567, , 
         11.5,      1.683251, ,          10.9,        1.5686, ,          11.7,      1.545123, ,          11.5,      1.572626, , 
         11.6,      1.694815, ,            11,      1.580262, ,          11.8,      1.555523, ,          11.6,      1.582545, , 
         11.7,      1.706348, ,          11.1,      1.591989, ,          11.9,      1.565847, ,          11.7,      1.592406, , 
         11.8,      1.717849, ,          11.2,      1.603766, ,            12,      1.576075, ,          11.8,      1.602424, , 
         11.9,       1.72932, ,          11.3,      1.615533, ,          12.1,      1.586487, ,          11.9,      1.612297, , 
           12,       1.74076, ,          11.4,      1.627276, ,          12.2,       1.59684, ,            12,      1.622027, , 
         12.1,      1.752166, ,          11.5,      1.638996, ,          12.3,      1.607127, ,          12.1,      1.631938, , 
         12.2,      1.763539, ,          11.6,      1.650674, ,          12.4,      1.617338, ,          12.2,      1.641743, , 
         12.3,      1.774967, ,          11.7,       1.66232, ,          12.5,      1.627471, ,          12.3,      1.651365, , 
         12.4,      1.786444, ,          11.8,      1.673936, ,          12.6,      1.637528, ,          12.4,      1.660949, , 
         12.5,      1.797895, ,          11.9,      1.685524, ,          12.7,      1.647498, ,          12.5,      1.670633, , 
         12.6,      1.809318, ,            12,      1.697083, ,          12.8,      1.657374, ,          12.6,      1.680144, , 
         12.7,      1.820714, ,          12.1,      1.708613, ,          12.9,      1.667144, ,          12.7,      1.689447, , 
         12.8,      1.832079, ,          12.2,      1.720111, ,            13,      1.676789, ,          12.8,      1.698869, , 
         12.9,      1.843408, ,          12.3,      1.731576, ,          13.1,      1.686451, ,          12.9,       1.70821, , 
           13,      1.854701, ,          12.4,      1.743006, ,          13.2,      1.696184, ,            13,      1.717335, , 
         13.1,      1.865954, ,          12.5,      1.754399, ,          13.3,      1.705821, ,          13.1,       1.72635, , 
         13.2,      1.877167, ,          12.6,       1.76575, ,          13.4,      1.715358, ,          13.2,      1.735359, , 
         13.3,      1.888337, ,          12.7,      1.777055, ,          13.5,      1.724789, ,          13.3,      1.743395, , 
         13.4,      1.899462, ,          12.8,      1.788307, ,          13.6,      1.734109, ,          13.4,      1.750581, , 
         13.5,       1.91054, ,          12.9,      1.799501, ,          13.7,      1.743301, ,          13.5,      1.757655, , 
         13.6,      1.921572, ,            13,      1.810834, ,          13.8,      1.752363, ,          13.6,      1.765009, , 
         13.7,      1.932553, ,          13.1,      1.822185, ,          13.9,      1.761284, ,          13.7,       1.77227, , 
         13.8,      1.943485, ,          13.2,      1.833501, ,            14,      1.770042, ,          13.8,      1.779463, , 
         13.9,      1.954362, ,          13.3,      1.844782, ,          14.1,      1.778613, ,          13.9,      1.786571, , 
           14,      1.965181, ,          13.4,      1.856027, ,          14.2,      1.786979, ,            14,       1.79373, , 
         14.1,      1.975939, ,          13.5,      1.867235, ,          14.3,      1.795113, ,          14.1,      1.801143, , 
         14.2,      1.986679, ,          13.6,      1.878404, ,          14.4,      1.802898, ,          14.2,      1.808383, , 
         14.3,      1.997546, ,          13.7,       1.88953, ,          14.5,      1.809571, ,          14.3,      1.815372, , 
         14.4,      2.008361, ,          13.8,      1.900611, ,          14.6,      1.815557, ,          14.4,      1.822288, , 
         14.5,      2.019116, ,          13.9,      1.911645, ,          14.7,      1.821361, ,          14.5,      1.829383, , 
         14.6,      2.029812, ,            14,      1.922624, ,          14.8,      1.827037, ,          14.6,      1.836355, , 
         14.7,      2.040438, ,          14.1,      1.933545, ,          14.9,      1.832638, ,          14.7,      1.843163, , 
         14.8,      2.050987, ,          14.2,      1.944409, ,            15,      1.837999, ,          14.8,      1.849957, , 
         14.9,      2.061457, ,          14.3,      1.955213, ,          15.1,      1.843281, ,          14.9,      1.856704, , 
           15,      2.071847, ,          14.4,      1.965954, ,          15.2,      1.848692, ,            15,      1.863235, , 
         15.1,      2.082153, ,          14.5,      1.976629, ,          15.3,      1.853301, ,          15.1,      1.869598, , 
         15.2,      2.092367, ,          14.6,      1.987231, ,          15.4,      1.857999, ,          15.2,      1.876074, , 
         15.3,      2.102487, ,          14.7,      1.997751, ,          15.5,      1.863099, ,          15.3,       1.88261, , 
         15.4,      2.112509, ,          14.8,      2.008182, ,          15.6,      1.868382, ,          15.4,      1.889137, , 
         15.5,      2.122429, ,          14.9,      2.018513, ,          15.7,      1.872653, ,          15.5,      1.895318, , 
         15.6,      2.132239, ,            15,      2.028737, ,          15.8,      1.875853, ,          15.6,      1.900903, , 
         15.7,      2.141932, ,          15.1,       2.03882, ,          15.9,       1.88002, ,          15.7,      1.906813, , 
         15.8,      2.151502, ,          15.2,      2.048763, ,            16,      1.884577, ,          15.8,      1.912906, , 
         15.9,       2.16094, ,          15.3,      2.058548, ,          16.1,      1.889261, ,          15.9,      1.918961, , 
           16,      2.170237, ,          15.4,      2.068169, ,          16.2,      1.893765, ,            16,      1.925274, , 
         16.1,      2.179385, ,          15.5,      2.077618, ,          16.3,      1.895458, ,          16.1,      1.930742, , 
         16.2,       2.18837, ,          15.6,      2.087318, ,          16.4,      1.897951, ,          16.2,      1.935067, , 
         16.3,       2.19718, ,          15.7,       2.09694, ,          16.5,       1.90127, ,          16.4,      1.945417, , 
         16.4,      2.205798, ,          15.8,      2.106424, ,          16.6,      1.904751, ,          16.5,      1.951179, , 
         16.5,      2.214208, ,          15.9,      2.115761, ,          16.7,      1.908258, ,          16.6,      1.956716, , 
         16.6,      2.222287, ,            16,      2.124943, ,          16.8,      1.909321, ,          16.7,       1.95897, , 
         16.7,      2.229839, ,          16.1,      2.133957, ,          16.9,       1.91069, ,          16.8,      1.962802, , 
         16.8,      2.237008, ,          16.2,      2.142799, ,            17,       1.91332, ,          16.9,      1.967427, , 
         16.9,      2.244086, ,          16.3,      2.151457, ,          17.1,      1.916217, ,            17,      1.972433, , 
           17,      2.250667, ,          16.4,      2.159915, ,          17.2,      1.918898, ,          17.1,      1.977523, , 
         17.1,      2.256988, ,          16.5,      2.168157, ,          17.3,       1.91763, ,          17.2,      1.990639, , 
         17.2,      2.263114, ,          16.6,      2.176169, ,          17.4,      1.918551, ,          17.4,      2.008411, , 
         17.3,      2.269048, ,          16.7,      2.183935, ,          17.5,      1.920242, ,          17.5,      2.011064, , 
         17.4,      2.273337, ,          16.8,       2.19144, ,          17.6,      1.921955, ,          17.6,      2.018259, , 
         17.5,      2.274885, ,          16.9,      2.198662, ,          17.7,      1.919762, ,          17.7,      2.026476, , 
         17.6,      2.278039, ,            17,      2.205475, ,          17.8,      1.919486, ,          17.8,      2.033268, , 
         17.7,      2.281798, ,          17.1,      2.211476, ,          17.9,      1.919954, ,          17.9,      2.037917, , 
         17.8,      2.285811, ,          17.2,      2.216679, , , , ,            18,      2.042912, , 
         17.9,      2.289853, ,          17.6,      2.226821, , , , ,          18.1,       2.04769, , 
           18,       2.29375, ,          17.7,      2.228121, , , , ,          18.2,      2.052154, , 
         18.1,      2.298097, ,          17.8,      2.229606, , , , ,          18.3,      2.050818, , 
         18.2,       2.30177, ,          17.9,      2.231157, , , , ,          18.4,      2.053128, , 
         18.3,      2.305868, ,            18,      2.232725, , , , ,          18.5,       2.05632, , 
         18.4,      2.309354, ,          18.1,      2.233818, , , , ,          18.6,      2.060308, , 
         18.5,      2.313154, ,          18.2,       2.23537, , , , ,          18.7,      2.064216, , 
         18.6,      2.317238, ,          18.3,      2.235899, , , , ,          18.8,      2.067743, , 
         18.7,       2.31965, ,          18.4,      2.236601, , , , ,          18.9,      2.070858, , 
         18.8,      2.323093, ,          18.5,      2.237912, , , , ,            19,      2.067734, , 
         18.9,      2.327119, ,          18.6,      2.237532, , , , ,          19.1,      2.068905, , 
           19,      2.329375, ,          18.7,      2.237091, , , , ,          19.2,      2.070924, , 
         19.1,      2.331742, ,          18.8,      2.237743, , , , ,          19.3,        2.0735, , 
         19.2,      2.334983, ,          18.9,      2.237934, , , , ,          19.4,      2.076072, , 
         19.3,      2.338412, ,            19,      2.234858, , , , ,          19.5,      2.078173, , 
         19.4,      2.338875, ,          19.1,      2.234094, , , , ,          19.6,      2.073191, , 
         19.5,       2.34103, ,          19.2,      2.233879, , , , ,          19.7,      2.074213, , 
         19.6,      2.343945, ,          19.3,      2.232101, , , , ,          19.8,      2.075511, , 
         19.7,      2.345876, ,          19.4,      2.227549, , , , ,          19.9,      2.076671, , 
         19.8,       2.34534, ,          19.5,      2.225767, , , , ,            20,      2.077513, , 
         19.9,      2.347059, ,          19.6,      2.224326, , , , ,          20.2,      2.070979, , 
           20,      2.349216, ,          19.7,      2.218925, , , , ,          20.3,       2.07155, , 
         20.1,      2.347564, ,          19.8,      2.215055, , , , ,          20.4,      2.071989, , 
         20.2,      2.348106, ,          19.9,      2.212088, , , , ,          20.5,      2.072247, , 
         20.3,      2.349517, ,            20,      2.204946, , , , ,          20.6,       2.06517, , 
         20.4,      2.348113, ,          20.1,      2.200202, , , , ,          20.7,      2.062866, , 
         20.5,      2.346508, ,          20.2,      2.196149, , , , ,          20.8,       2.06162, , 
         20.6,      2.346733, ,          20.3,      2.187159, , , , ,          20.9,      2.060247, , 
         20.7,      2.344811, ,          20.4,      2.181892, , , , ,            21,      2.051325, , 
         20.8,        2.3418, ,          20.5,      2.171961, , , , ,          21.1,      2.047603, , 
         20.9,      2.341224, ,          20.6,      2.165251, , , , , , , , 
           21,      2.337002, ,          20.7,      2.154284, , , , , , , , 
         21.1,      2.334268, ,          20.8,      2.145845, , , , , , , , 
         21.2,      2.332803, ,          20.9,      2.133708, , , , , , , , 
         21.3,      2.325853, , , , , , , , , , , 
         21.4,      2.323154, , , , , , , , , , , 
         21.5,      2.317423, , , , , , , , , , , 
         21.6,      2.314012, , , , , , , , , , , 
         21.7,      2.307536, , , , , , , , , , , 
         21.8,      2.303227, , , , , , , , , , , 
         21.9,      2.294668, , , , , , , , , , , 
           22,      2.289849, , , , , , , , , , , 
         22.1,      2.278948, , , , , , , , , , , 
         22.2,      2.267587, , , , , , , , , , , 
         22.3,      2.260351, , , , , , , , , , , 
         22.4,      2.245551, , , , , , , , , , , 
         22.5,      2.230534, , , , , , , , , , , 
         22.6,      2.219918, , , , , , , , , , , 
         22.7,      2.199365, , , , , , , , , , , 
         22.8,      2.176238, , , , , , , , , , , 
         22.9,      2.149769, , , , , , , , , , , 
           23,      2.119639, , , , , , , , , , , 
         23.1,      2.084111, , , , , , , , , , , 
         23.2,      2.042547, , , , , , , , , , , 
         23.3,      1.964414, , , , , , , , , , , 
         23.4,      1.843652, , , , , , , , , , , 

